observed_at,order_id,profile_id,ended_at,lag_sec,warmup
2026-09-19T05:55:07+00:00,a4bb8eb0d9d9e2afafe4404dce6fd43c,659a20206e7639d0d43f2cc6f3aab636,2026-09-19T05:54:45+00:00,22.1,1
2026-09-19T05:55:07+00:00,8cb35a9f0733ca4b9f58daa69fd726e4,3422b0326aab4352b7e9567482ef511a,2026-09-19T05:54:38+00:00,28.7,1
2026-09-19T05:55:07+00:00,28c77069f44d2ad78414baa77cefcc3f,27578ea2bd4f4d5ab69d824f1a67f787,2026-09-19T05:53:49+00:00,78.0,1
2026-09-19T05:55:07+00:00,8369f23a32042eecba42bdffc9debd29,8f872bb788984b79b8781356b9f355b3,2026-09-19T05:53:49+00:00,78.4,1
2026-09-19T05:55:07+00:00,d0beb65806fdb03a81ffeeb8c4b404bd,df2c21b7979172faaeb687cd5d90dd14,2026-09-19T05:53:40+00:00,87.3,1
2026-09-19T05:55:07+00:00,4a68a4ecbbabef63832cea5e54c50897,8849cf0d88a8ec92cbfe39a8609483e5,2026-09-19T05:53:09+00:00,118.3,1
2026-09-19T05:55:07+00:00,b413844bb4c12773a0485a6c6166022e,606731d004f0335033e8c8951f5acbe9,2026-09-19T05:52:33+00:00,154.4,1
2026-09-19T05:55:07+00:00,b848d67c03f73030b09c12d982e60729,2d0c504d0aac4dd7b8a53017ac826ad8,2026-09-19T05:52:29+00:00,158.1,1
2026-09-19T05:55:07+00:00,ec1cdf1286b4c319bd0688995190e323,fb2b1376ee950b8de90a482b991f1ffb,2026-09-19T05:51:45+00:00,202.0,1
2026-09-19T05:55:07+00:00,555e12b215bcc6a380afa96247ac5717,70fd64ac0be848c8a1ba782e39b22728,2026-09-19T05:51:45+00:00,202.0,1
2026-09-19T05:55:07+00:00,a7cb25c64a27c0fe9941e1602b4b9dc7,f3f40a5558b84301b68dbb7c9cfd8d29,2026-09-19T05:51:25+00:00,222.5,1
2026-09-19T05:55:07+00:00,37f1e254b501db0f9e50a17e81c70e6c,37c7689cb81f4bd7aca638086677a250,2026-09-19T05:51:24+00:00,223.5,1
2026-09-19T05:55:07+00:00,57ec3523c9d1eb7cb5fcd295ca00f41c,2fea658c5102492ba3db79e70818fc31,2026-09-19T05:50:43+00:00,263.7,1
2026-09-19T05:55:07+00:00,7a9fc26f1d998b49be5ed1fd05f81227,d722e13a62d9e677ae9aa4459ae8e290,2026-09-19T05:50:38+00:00,269.0,1
2026-09-19T05:55:07+00:00,daa72b0d6db08394908a519791ab8912,9e480bcfde9cf135dba5b02d7e75c2db,2026-09-19T05:50:20+00:00,287.0,1
2026-09-19T05:55:07+00:00,98621d42dee7bc0f9750dc6299885404,0ef78275660667e6bcf6dfd2525d2ffd,2026-09-19T05:48:47+00:00,380.0,1
2026-09-19T05:55:07+00:00,a4625c14d2682481a96388773b4783c4,ce151130eca8aeffecb701323be80acd,2026-09-19T05:48:36+00:00,390.7,1
2026-09-19T05:55:07+00:00,57a48cc4ce28e7969d5ac3294f1bac16,ebee2a3910c346e9b61c9a5a38c12615,2026-09-19T05:48:26+00:00,400.7,1
2026-09-19T05:55:07+00:00,a570e7d4bd0b2c83a0a14985e7375aa1,fdec5ec6cad441bd8ee0d685710cfbfc,2026-09-19T05:48:22+00:00,404.8,1
2026-09-19T05:55:07+00:00,3eb75dee4a4d3cd3a8a9e9433c0e47ed,9d0c5f2b81f1c0fb54618a4c1d73bd25,2026-09-19T05:48:00+00:00,427.1,1
2026-09-19T05:55:07+00:00,d4dfe96d07421a71b0a8096c62b88ce1,5af7d627b17b4b65b648ecfc866972ca,2026-09-19T05:47:21+00:00,466.0,1
2026-09-19T05:55:07+00:00,a7fcf679fd13c25d8ffda6297713c27d,2b6b6c95ac5bff9513ae3bd567f85894,2026-09-19T05:47:06+00:00,480.7,1
2026-09-19T05:55:07+00:00,641cd1b896033cb09b12cde483fa56b1,7150423b35844eee90f698fb59786e63,2026-09-19T05:47:06+00:00,480.8,1
2026-09-19T05:55:07+00:00,44e0119b5f3ab6c0934745b178c6b23c,ec1f79488a461156a4bd4eb0fe963a77,2026-09-19T05:46:27+00:00,520.2,1
2026-09-19T05:55:07+00:00,6ea9a584ba69800b9c17f80242cea802,327f9d607aa14f88b5d023bdbf7f00e7,2026-09-19T05:46:20+00:00,526.6,1
2026-09-19T05:55:07+00:00,fdde1b68fa69debc8a01f8c1ca0bb1e6,864c3b2f4f6647148846279535e6dbfb,2026-09-19T05:46:19+00:00,528.2,1
2026-09-19T05:55:07+00:00,dd3a396c4cedc5d7bfce759c2245b19b,fb2bda19831b4740adb1581db86c42d7,2026-09-19T05:46:16+00:00,531.2,1
2026-09-19T05:55:07+00:00,da9cb2bafe6bc1859f599effb17ec901,b87f836070f112c7797db315e081128d,2026-09-19T05:45:53+00:00,554.3,1
2026-09-19T05:55:07+00:00,f3c5a10cb15e1ad1a4cbf6df175fbad6,72c7dc756e9242ba9153beabd07b1ad1,2026-09-19T05:45:52+00:00,555.4,1
2026-09-19T05:55:07+00:00,1e4953998b182cabad968acc948c3b7b,f61461355efb58863eafc03d836c0e68,2026-09-19T05:45:49+00:00,558.6,1
2026-09-19T05:55:07+00:00,ebb55cca74b78e15a334067f5d35de3a,0385fc88d6dc47bc8623ab753c78c908,2026-09-19T05:45:46+00:00,561.0,1
2026-09-19T05:55:07+00:00,ff7baf96ed55393fa2220a6a94b44ef4,c056cd4711e34cc3bc0190031a8eb1b8,2026-09-19T05:45:45+00:00,562.3,1
2026-09-19T05:55:07+00:00,d977ffa5c4c516e88e88af5e598858bc,6ab529b6beeb4dadada9dce14310b5c4,2026-09-19T05:45:30+00:00,576.7,1
2026-09-19T05:55:07+00:00,ece3fe346e961a90920180ca61cf26a5,5b07ddbf158b4bc79c94eac3cf874b69,2026-09-19T05:45:20+00:00,587.5,1
2026-09-19T05:55:07+00:00,fbc070351f6415fba04da89a28e214ae,2b6ad339e72d4b9592a03d04f8c399e1,2026-09-19T05:45:04+00:00,603.5,1
2026-09-19T05:55:07+00:00,47111347ca9f2f92905f73f5f7d2bb87,7ee4d287468a41ebb199b866e14a4f81,2026-09-19T05:45:02+00:00,605.0,1
2026-09-19T05:55:07+00:00,413ba4afe83eb47d93bc3f300f1c4bed,1f1cf79ff1c87aa912359e5df4444459,2026-09-19T05:45:01+00:00,606.5,1
2026-09-19T05:55:07+00:00,cd692e41343584398cb23552d2dd3549,07d2b2b1e6da425ba0e873a242ec1b76,2026-09-19T05:44:54+00:00,612.7,1
2026-09-19T05:55:07+00:00,75683ecd80efc2bdaea851ecf53ca765,084c78d6001a42e3882e1d13d61b317b,2026-09-19T05:44:36+00:00,630.9,1
2026-09-19T05:55:07+00:00,732303d892d2dae1827e81972d41c943,2d0c504d0aac4dd7b8a53017ac826ad8,2026-09-19T05:44:07+00:00,660.4,1
2026-09-19T05:55:07+00:00,5a53b04589b9e62c83dbff6d704ed43b,8de6b159b74e4171af10b90fb4c8d1a7,2026-09-19T05:43:57+00:00,669.8,1
2026-09-19T05:55:07+00:00,f82653074d318120a87c9cbef6b758e4,3fa36930b4ed4e8294c06b8eac6efe7a,2026-09-19T05:43:36+00:00,691.2,1
2026-09-19T05:55:07+00:00,30660343c274c6f7adbfb7c03daa95d3,80afdd3e5cbd4ff98583b64ae77c42e0,2026-09-19T05:43:34+00:00,692.7,1
2026-09-19T05:55:07+00:00,14f8a88a111e1e7f86d695e6df368148,68f7491a5606480bb206d497b4f5f2a7,2026-09-19T05:43:33+00:00,694.5,1
2026-09-19T05:55:07+00:00,f08617789b2620b0980fec843984e990,76f7bc88fbfc435ca1fadf7c53efff8c,2026-09-19T05:43:32+00:00,694.6,1
2026-09-19T05:55:07+00:00,d8537d13847f879197bfdc070edf42e1,7c685a7aebd54c5f9fa98985696647ca,2026-09-19T05:42:56+00:00,731.3,1
2026-09-19T05:55:07+00:00,2dc93d799ec2cab087372ef2c7ecd992,87acb6c86fd30adea8d5cb6a38b12b5d,2026-09-19T05:42:47+00:00,740.3,1
2026-09-19T05:55:07+00:00,c6c64d1a3b76d5be860c84dac3c8c2a9,2eecd1d5ae8c467bb195823ad192f4b3,2026-09-19T05:42:29+00:00,757.8,1
2026-09-19T05:55:07+00:00,0a27f38ef18f3f78938d7dc5a7aebb2c,44ab5dd7f0104c8082dc801ba8de3762,2026-09-19T05:42:08+00:00,778.8,1
2026-09-19T05:55:07+00:00,014dc2b1dc4cc382b7bef224fbba2516,f3f40a5558b84301b68dbb7c9cfd8d29,2026-09-19T05:42:02+00:00,785.1,1
2026-09-19T05:55:07+00:00,0770e2d317beb2efbef372a69a63c455,9d0c5f2b81f1c0fb54618a4c1d73bd25,2026-09-19T05:41:54+00:00,793.6,1
2026-09-19T05:55:07+00:00,038b6e4eb791cc5396ca5b5b93d009c7,2a099e6ae5d04bada004f42709fef23b,2026-09-19T05:40:51+00:00,855.8,1
2026-09-19T05:55:07+00:00,3fa721d8c31d35b3b6e440e1b8244c11,d38232b9edf544df8155ff1557082655,2026-09-19T05:40:33+00:00,874.2,1
2026-09-19T05:55:07+00:00,02fb80842f9b3a4a8aacb6c63c2409ba,29450d8419f3cd85adf40a9735139e75,2026-09-19T05:40:30+00:00,876.7,1
2026-09-19T05:55:07+00:00,da245288233bdba2bf608a5b1f73b20b,be356ebb2ac14971ba2895efbca8477e,2026-09-19T05:40:11+00:00,895.6,1
2026-09-19T05:55:07+00:00,9437db888441d43285d5fc713372dffd,234ace0939414b8c86b782b9000d6467,2026-09-19T05:39:51+00:00,915.7,1
2026-09-19T05:55:07+00:00,f44bf777fba8214da72e627e702f6d8a,a56a44065bea4fa29711c2862d820426,2026-09-19T05:39:32+00:00,934.7,1
2026-09-19T05:55:07+00:00,35492291c7ce2359b67d8569fab6f771,ebee2a3910c346e9b61c9a5a38c12615,2026-09-19T05:39:13+00:00,954.1,1
2026-09-19T05:55:07+00:00,33cb34818593b21fbcb370e54479624a,c056cd4711e34cc3bc0190031a8eb1b8,2026-09-19T05:38:22+00:00,1005.6,1
2026-09-19T05:55:07+00:00,a5f6c1a6b367c09db420128558beaaba,2d0c504d0aac4dd7b8a53017ac826ad8,2026-09-19T05:38:02+00:00,1025.0,1
2026-09-19T05:55:07+00:00,f0290e5731712d359a08caea05f495fe,aee170b61dd24b16a9ce3f8ff4635c03,2026-09-19T05:38:01+00:00,1026.3,1
2026-09-19T05:55:07+00:00,f343619b455a303685011eca63449c4f,e4b2ff1163fe1daf60314662dc98aba8,2026-09-19T05:37:55+00:00,1031.8,1
2026-09-19T05:55:07+00:00,627ead180829ceccaef2d94eaed84a80,931bc4a2b44345ca80347dbaf10ffc62,2026-09-19T05:37:53+00:00,1034.1,1
2026-09-19T05:55:07+00:00,bddd55d3d65dd310a604e7c4c9c9db22,2dd3847864c65d772cab53aeb74635f7,2026-09-19T05:37:43+00:00,1044.3,1
2026-09-19T05:55:07+00:00,3fd85f36b25be0d1a8117b0bfb5e30d8,0dc3d7d88eeb3c4c0be533874eb43519,2026-09-19T05:37:34+00:00,1053.0,1
2026-09-19T05:55:07+00:00,7c2d49c3bd54b1ef990da2a865bad74e,3fcec737348b01701f79cb6953553f63,2026-09-19T05:37:28+00:00,1059.3,1
2026-09-19T05:55:07+00:00,418d18e800aed7cdba95395aa3b02f7e,aa6d2a20420348f2a68af2a100962800,2026-09-19T05:37:04+00:00,1082.7,1
2026-09-19T05:55:07+00:00,795e35c3bafb3b20ba03188840dbc326,a9152ffe2a054ebfa817a7f9a441544b,2026-09-19T05:36:57+00:00,1089.9,1
2026-09-19T05:55:07+00:00,91128377b60bd5de89474f95866fb90b,659a20206e7639d0d43f2cc6f3aab636,2026-09-19T05:36:44+00:00,1103.0,1
2026-09-19T05:55:07+00:00,cae4ce5a99642e959b9a02ee2b41bd33,ae3479249f313a2638563ecf5247ce3a,2026-09-19T05:35:54+00:00,1153.5,1
2026-09-19T05:55:07+00:00,ff208185a723c32aad035d2c6289b0c4,fb2bda19831b4740adb1581db86c42d7,2026-09-19T05:35:47+00:00,1159.9,1
2026-09-19T05:55:07+00:00,b9a0711b5416b005b4dd6b02ab0eb842,79928f7faa9342038b90bfcd5b449888,2026-09-19T05:35:39+00:00,1167.7,1
2026-09-19T05:55:07+00:00,ec3eb50588ad34fd88faedddc1d11e56,fdec5ec6cad441bd8ee0d685710cfbfc,2026-09-19T05:35:29+00:00,1178.3,1
2026-09-19T05:55:07+00:00,f4e7fcba2f822ef9b411c301ac1541a0,8de6b159b74e4171af10b90fb4c8d1a7,2026-09-19T05:35:24+00:00,1183.0,1
2026-09-19T05:55:47+00:00,bd62bf4a14efc1c5aa4bb703f5993c17,8de6b159b74e4171af10b90fb4c8d1a7,2026-09-19T05:55:47+00:00,0.7,0
2026-09-19T05:55:47+00:00,c2a34d9382fa11edaa71055579b1925e,1f1cf79ff1c87aa912359e5df4444459,2026-09-19T05:55:36+00:00,11.6,0
2026-09-19T05:55:47+00:00,b72323dc809033138a2a7cd94c7d5a4b,0ef78275660667e6bcf6dfd2525d2ffd,2026-09-19T05:55:23+00:00,24.6,0
2026-09-19T05:57:01+00:00,0d62a6db32b536ec8809593b1101fb30,faea798d26524df6857520923990125d,2026-09-19T05:56:54+00:00,7.4,0
2026-09-19T05:57:01+00:00,4434f1fbb50ddb88818c0df59cc9f89b,7150423b35844eee90f698fb59786e63,2026-09-19T05:56:49+00:00,11.8,0
2026-09-19T05:57:01+00:00,27a8894267f38db7a0b7b3e7ff024c40,95db5f19dfe4cc047bb209ec7796c888,2026-09-19T05:56:47+00:00,13.8,0
2026-09-19T05:57:01+00:00,90179be312e4b7bc949d42e81467b5c4,7ee4d287468a41ebb199b866e14a4f81,2026-09-19T05:56:37+00:00,23.6,0
2026-09-19T05:57:01+00:00,b16f340b4b68ef8bb8754c2379c02ee1,fb2bda19831b4740adb1581db86c42d7,2026-09-19T05:56:30+00:00,31.2,0
2026-09-19T05:57:01+00:00,0529c3626fc4d8bf8c89e59055bc26d3,3627c257fefc99ca572f6eddd750130e,2026-09-19T05:56:27+00:00,34.2,0
2026-09-19T05:57:01+00:00,bc140c7f6cdd1036af3590b92da259a4,54475d00ec6d8bb976baf2ecc36cc0b9,2026-09-19T05:56:12+00:00,49.0,0
2026-09-19T05:57:01+00:00,e0ee703702eb3f5cbd579850fef8d064,ce151130eca8aeffecb701323be80acd,2026-09-19T05:56:11+00:00,49.9,0
2026-09-19T05:59:10+00:00,a38e1165795b39cab4aa99a9251f8547,d71617411b7d44c88bab79f8cc4f99eb,2026-09-19T05:58:21+00:00,48.6,0
2026-09-19T05:59:10+00:00,d0020673812bc58c9f2833f434816dd8,ebee2a3910c346e9b61c9a5a38c12615,2026-09-19T05:58:14+00:00,55.2,0
2026-09-19T05:59:10+00:00,52dd4e076a2c3b5da4886d9aa8a4ebc3,50a00552f5c88633fe3d284833ade5f8,2026-09-19T05:58:01+00:00,68.9,0
2026-09-19T05:59:10+00:00,94f7e300c82923ef826d74fb404799cb,a65c68aa62874f5e8bb21f53dc4dce7b,2026-09-19T05:57:59+00:00,70.9,0
2026-09-19T05:59:10+00:00,02f0564e13703ebc8f1972f4a57c48ca,44ab5dd7f0104c8082dc801ba8de3762,2026-09-19T05:57:24+00:00,105.9,0
2026-09-19T05:59:10+00:00,84fa3a4d7910eaf7903bf62a2c69d9fc,8e111a8a101c43b0b162a5b88c66e132,2026-09-19T05:57:01+00:00,129.0,0
2026-09-19T06:00:42+00:00,8428f3e1b401e6fcbe2e7bccd5032771,864c3b2f4f6647148846279535e6dbfb,2026-09-19T05:59:54+00:00,47.7,0
2026-09-19T06:00:42+00:00,fd485ad0e09d17ac9cdcdfeab93ba4cc,2d0c504d0aac4dd7b8a53017ac826ad8,2026-09-19T05:59:24+00:00,77.9,0
2026-09-19T06:00:42+00:00,faf6a15630a3b0bc8a605276853de21f,3fa36930b4ed4e8294c06b8eac6efe7a,2026-09-19T05:59:12+00:00,89.7,0
2026-09-19T06:00:42+00:00,4569e612092e1b25a248d25cdd75b5ce,aa6d2a20420348f2a68af2a100962800,2026-09-19T05:58:57+00:00,104.2,0
2026-09-19T06:02:59+00:00,e33bbcc6ea4fb79692a4e80fa883fbfe,9e480bcfde9cf135dba5b02d7e75c2db,2026-09-19T06:02:21+00:00,38.0,0
2026-09-19T06:02:59+00:00,92bdd5cccac9110081977594f4774a14,618113f649e542c8bc81dcfff28c79a0,2026-09-19T06:02:20+00:00,39.4,0
2026-09-19T06:02:59+00:00,16ab89340c5cc6b483504f62111966a4,be356ebb2ac14971ba2895efbca8477e,2026-09-19T06:01:03+00:00,116.3,0
2026-09-19T06:04:31+00:00,69e489166e08d65fb4a1f482fda540ff,d38232b9edf544df8155ff1557082655,2026-09-19T06:04:23+00:00,7.8,0
2026-09-19T06:04:31+00:00,086c54ccf6dd21f78eaa6f04dbd91ba4,54475d00ec6d8bb976baf2ecc36cc0b9,2026-09-19T06:04:20+00:00,10.6,0
2026-09-19T06:04:31+00:00,de4c0140439fddf7a2b387941be6929c,327f9d607aa14f88b5d023bdbf7f00e7,2026-09-19T06:04:15+00:00,15.8,0
2026-09-19T06:04:31+00:00,b984bc3bf29e2700aaa0781b612b524a,7c685a7aebd54c5f9fa98985696647ca,2026-09-19T06:03:42+00:00,48.8,0
2026-09-19T06:04:31+00:00,de28824e60debc988fc406be1e7d5ad7,fdec5ec6cad441bd8ee0d685710cfbfc,2026-09-19T06:03:38+00:00,52.6,0
2026-09-19T06:04:31+00:00,1c8beff63f0e85beb5a39866c518a21c,f61461355efb58863eafc03d836c0e68,2026-09-19T06:03:33+00:00,58.4,0
2026-09-19T06:04:31+00:00,592b97d291db1f07a7b830f24f73443c,fb2bda19831b4740adb1581db86c42d7,2026-09-19T06:03:28+00:00,62.5,0
2026-09-19T06:04:31+00:00,5923018dc400d809875ba8f3c91464ae,2fea658c5102492ba3db79e70818fc31,2026-09-19T06:03:23+00:00,67.5,0
2026-09-19T06:04:31+00:00,9a09ccdd933ce20f867ad7452a9164cf,d722e13a62d9e677ae9aa4459ae8e290,2026-09-19T06:02:53+00:00,97.8,0
2026-09-19T06:04:31+00:00,e14d20c828b8e004a0bc0e4f41b5105d,2b6ad339e72d4b9592a03d04f8c399e1,2026-09-19T06:02:49+00:00,101.5,0
2026-09-19T06:04:31+00:00,217390745c2bbb54bf80536295f62268,ec1f79488a461156a4bd4eb0fe963a77,2026-09-19T06:02:39+00:00,111.6,0
2026-09-19T06:04:31+00:00,dc775e827eea10ba9f95c4b09aed2c7b,f612dd68a91442d0aec50820c7ec37f1,2026-09-19T06:02:39+00:00,112.2,0
2026-09-19T06:06:03+00:00,30f1ee923ab08b0595bf67c9f610f0d4,df2c21b7979172faaeb687cd5d90dd14,2026-09-19T06:05:31+00:00,32.2,0
2026-09-19T06:06:03+00:00,f245f9c4af78d47b89bd48267f5ced8b,0dbd55000a6e4a93a0a58b7a552a18b2,2026-09-19T06:05:22+00:00,40.7,0
2026-09-19T06:06:03+00:00,5fc122b9d9c9890d80a07bfd18e387fe,6038efe01ff980503519fdc60b41a253,2026-09-19T06:05:02+00:00,60.9,0
2026-09-19T06:06:03+00:00,bbcaf7869922d2f884e706a6fba8ae6b,5af7d627b17b4b65b648ecfc866972ca,2026-09-19T06:04:59+00:00,63.5,0
2026-09-19T06:06:03+00:00,5caa8f09dacad9a4b6a778e22429013d,9d0c5f2b81f1c0fb54618a4c1d73bd25,2026-09-19T06:04:53+00:00,70.3,0
2026-09-19T06:06:03+00:00,29b3a52265e53399b5b1dacd8aa572e2,ae3479249f313a2638563ecf5247ce3a,2026-09-19T06:04:44+00:00,79.1,0
2026-09-19T06:08:20+00:00,0eec1acb67f4d9cba58f83ce50e0c11d,77b59e20fd8043c782073723d67bcbf3,2026-09-19T06:07:47+00:00,33.0,0
2026-09-19T06:08:20+00:00,2c51ccbf6ca6e7d385c4201bf448c1aa,70fd64ac0be848c8a1ba782e39b22728,2026-09-19T06:07:05+00:00,75.4,0
2026-09-19T06:08:20+00:00,65beadca23b03a35830af37cc68860c5,c056cd4711e34cc3bc0190031a8eb1b8,2026-09-19T06:06:51+00:00,89.2,0
2026-09-19T06:08:20+00:00,2b08b389ca42e54ca2bf402881f7a4ae,6ab529b6beeb4dadada9dce14310b5c4,2026-09-19T06:06:51+00:00,89.5,0
2026-09-19T06:12:09+00:00,5bf126295e7f8e9696417df45df37a11,37c7689cb81f4bd7aca638086677a250,2026-09-19T06:11:26+00:00,43.0,0
2026-09-19T06:12:09+00:00,5c3687697edf8ab49c05b1b6bf7bbba0,0385fc88d6dc47bc8623ab753c78c908,2026-09-19T06:11:13+00:00,56.0,0
2026-09-19T06:12:09+00:00,227c283cbb3ad714ba886a9ae2bda0a0,ce151130eca8aeffecb701323be80acd,2026-09-19T06:11:01+00:00,67.8,0
2026-09-19T06:12:09+00:00,b198b7b3f9f7be4a91ce0cae08058f82,ebee2a3910c346e9b61c9a5a38c12615,2026-09-19T06:10:59+00:00,69.5,0
2026-09-19T06:12:09+00:00,0e8f92cde3d51c2db0fe97559dfcbb1c,0dc3d7d88eeb3c4c0be533874eb43519,2026-09-19T06:10:57+00:00,72.2,0
2026-09-19T06:12:09+00:00,b65ec3866001342da54a9669ac80afb8,9d0c5f2b81f1c0fb54618a4c1d73bd25,2026-09-19T06:10:20+00:00,108.6,0
2026-09-19T06:12:09+00:00,a596d91a2c01199c88147795fbb3aa79,68f7491a5606480bb206d497b4f5f2a7,2026-09-19T06:09:45+00:00,143.5,0
2026-09-19T06:12:09+00:00,3953458246a8e9f58dd00b13bb5224fb,b87f836070f112c7797db315e081128d,2026-09-19T06:08:21+00:00,228.1,0
2026-09-19T06:15:10+00:00,da0cb4943b6d367f93e8c4d929e60f61,44ab5dd7f0104c8082dc801ba8de3762,2026-09-19T06:13:47+00:00,83.0,0
2026-09-19T06:15:10+00:00,eafbdd998d41395cbf2a66002eb4d792,2d0c504d0aac4dd7b8a53017ac826ad8,2026-09-19T06:13:36+00:00,94.5,0
2026-09-19T06:15:10+00:00,65c0d30b77ec22408747151f72771771,3627c257fefc99ca572f6eddd750130e,2026-09-19T06:13:22+00:00,108.1,0
2026-09-19T06:15:10+00:00,fafa5cd5cc4ed05195b5053e4717c932,27578ea2bd4f4d5ab69d824f1a67f787,2026-09-19T06:13:02+00:00,128.8,0
2026-09-19T06:15:10+00:00,92874d8b2e05ce1c955f4d06333a85ac,2eecd1d5ae8c467bb195823ad192f4b3,2026-09-19T06:12:30+00:00,160.9,0
2026-09-19T06:15:10+00:00,2365b80ebee2238aaaa21c0daf6d6e2d,334005fe8b6e4073bf0170f3b8b2359d,2026-09-19T06:12:27+00:00,163.2,0
2026-09-19T06:15:10+00:00,05777ff550e38dd6a5d7f70e5d10d9db,659a20206e7639d0d43f2cc6f3aab636,2026-09-19T06:12:27+00:00,163.4,0
2026-09-19T06:15:10+00:00,0f6b265b2990cb9b98740506d59df34b,50a00552f5c88633fe3d284833ade5f8,2026-09-19T06:12:23+00:00,167.8,0
2026-09-19T06:16:41+00:00,b1040815d003e4b9958d3410901dd356,084c78d6001a42e3882e1d13d61b317b,2026-09-19T06:14:45+00:00,116.7,0
2026-09-19T06:16:41+00:00,1827f7ae66abddb68db91ed8cb144b8d,ce1030893e204d85b98c15d2444005b1,2026-09-19T06:14:27+00:00,134.2,0
2026-09-19T06:16:41+00:00,1c5f3003c7acbad789163b8e62e681fc,5b07ddbf158b4bc79c94eac3cf874b69,2026-09-19T06:14:17+00:00,144.4,0
2026-09-19T06:16:41+00:00,25b6f9af0c8b2718819fc58f66fceaee,8f872bb788984b79b8781356b9f355b3,2026-09-19T06:14:13+00:00,148.3,0
2026-09-19T06:16:41+00:00,36560f43046730d5bec44b6ee7579ef8,fb2b1376ee950b8de90a482b991f1ffb,2026-09-19T06:14:02+00:00,159.7,0
2026-09-19T06:21:59+00:00,45a84e02e57e31e5b3868735d7081364,68f7491a5606480bb206d497b4f5f2a7,2026-09-19T06:20:22+00:00,97.1,0
2026-09-19T06:21:59+00:00,403ad4278bae2c96b0b7e2b2f3ee9ac2,8de6b159b74e4171af10b90fb4c8d1a7,2026-09-19T06:19:59+00:00,119.5,0
2026-09-19T06:21:59+00:00,ae1d8da45842316ead039250ad76e492,2d0c504d0aac4dd7b8a53017ac826ad8,2026-09-19T06:19:51+00:00,127.6,0
2026-09-19T06:21:59+00:00,f49ef61c6d2e810db4d3108c0b274c7d,327f9d607aa14f88b5d023bdbf7f00e7,2026-09-19T06:19:36+00:00,143.2,0
2026-09-19T06:21:59+00:00,46df98fdbfc81488994e852d86a9d097,3fa36930b4ed4e8294c06b8eac6efe7a,2026-09-19T06:18:40+00:00,199.0,0
2026-09-19T06:21:59+00:00,cc91affda40b1b38bba2ffd3335ac502,76f7bc88fbfc435ca1fadf7c53efff8c,2026-09-19T06:18:20+00:00,219.1,0
2026-09-19T06:21:59+00:00,ea64df480c648d00b907d0b6c9e30d84,7ee4d287468a41ebb199b866e14a4f81,2026-09-19T06:18:15+00:00,223.7,0
2026-09-19T06:21:59+00:00,7138d50d06f5ed2c81603c6c882d90aa,f612dd68a91442d0aec50820c7ec37f1,2026-09-19T06:18:11+00:00,227.7,0
2026-09-19T06:21:59+00:00,59fdd84c065080ca917d69e6db9568a7,8e111a8a101c43b0b162a5b88c66e132,2026-09-19T06:18:06+00:00,232.8,0
2026-09-19T06:21:59+00:00,121f7d88d8b62141bba3224cc0631322,9d0c5f2b81f1c0fb54618a4c1d73bd25,2026-09-19T06:18:02+00:00,237.4,0
2026-09-19T06:21:59+00:00,7f5ea8d3f958b477bb7ca9c5c4ca8861,f61461355efb58863eafc03d836c0e68,2026-09-19T06:18:01+00:00,237.6,0
2026-09-19T06:21:59+00:00,ff28db4d0447be9294af1da9f10154a1,d722e13a62d9e677ae9aa4459ae8e290,2026-09-19T06:17:45+00:00,253.6,0
2026-09-19T06:21:59+00:00,e29eef01c3248d40ab4d13997ee69e2e,d71617411b7d44c88bab79f8cc4f99eb,2026-09-19T06:17:33+00:00,266.4,0
2026-09-19T06:21:59+00:00,9ab802fe1fcf153b9964f8cb6777257a,54475d00ec6d8bb976baf2ecc36cc0b9,2026-09-19T06:17:25+00:00,274.2,0
2026-09-19T06:21:59+00:00,4681b7ff852cb544bda1579c475f09d5,cf742dc8d577c2f4fba612d58f2e4532,2026-09-19T06:17:20+00:00,279.0,0
2026-09-19T06:23:30+00:00,6edf372d4582ee1f9a4d7666f43a2b77,aa6d2a20420348f2a68af2a100962800,2026-09-19T06:23:22+00:00,7.7,0
2026-09-19T06:23:30+00:00,7b46b836b54e1a4c84a07dcbc4b3cd22,2fea658c5102492ba3db79e70818fc31,2026-09-19T06:22:40+00:00,50.0,0
2026-09-19T06:23:30+00:00,8e130c1f9f20ee99b19e8ac48cb87a14,9e480bcfde9cf135dba5b02d7e75c2db,2026-09-19T06:22:36+00:00,54.0,0
2026-09-19T06:23:30+00:00,61f167f557b533fda75ea568a4feba0a,606731d004f0335033e8c8951f5acbe9,2026-09-19T06:22:20+00:00,70.2,0
2026-09-19T06:23:30+00:00,87bb27b9ebef38f58a64a6c80c4ef623,0dbd55000a6e4a93a0a58b7a552a18b2,2026-09-19T06:22:06+00:00,83.6,0
2026-09-19T06:23:30+00:00,8e106a8f8bcccae9ae8541876a961171,36a37303866a403c9c7022ae425ca484,2026-09-19T06:21:59+00:00,90.7,0
2026-09-19T06:23:30+00:00,d31a70540541ec8cb76dff4da0785308,be356ebb2ac14971ba2895efbca8477e,2026-09-19T06:21:27+00:00,123.4,0
2026-09-19T06:23:30+00:00,61b06d03129e178aaac2a6497067669e,ce151130eca8aeffecb701323be80acd,2026-09-19T06:21:20+00:00,130.3,0
2026-09-19T06:23:30+00:00,a134e9c9a8641992b98a8974509befee,29450d8419f3cd85adf40a9735139e75,2026-09-19T06:21:16+00:00,134.1,0
2026-09-19T06:23:30+00:00,5a30bd711264328ea9e3312f288ff493,0ef78275660667e6bcf6dfd2525d2ffd,2026-09-19T06:21:16+00:00,134.3,0
2026-09-19T06:23:30+00:00,e630c1b128091a6c82366d1c08bc239a,9d0c5f2b81f1c0fb54618a4c1d73bd25,2026-09-19T06:21:13+00:00,136.9,0
2026-09-19T06:23:30+00:00,ea13de620f45e03abb604c8fc5918178,2b6b6c95ac5bff9513ae3bd567f85894,2026-09-19T06:21:02+00:00,148.1,0
2026-09-19T06:25:46+00:00,ed78e7abf8772c04abe28ddf2a594ac5,6ab529b6beeb4dadada9dce14310b5c4,2026-09-19T06:24:58+00:00,48.0,0
2026-09-19T06:25:46+00:00,5e9a41d034592229a510b132dc075202,0385fc88d6dc47bc8623ab753c78c908,2026-09-19T06:24:49+00:00,56.9,0
2026-09-19T06:25:46+00:00,e10579875174802cb7fcb78981343238,659a20206e7639d0d43f2cc6f3aab636,2026-09-19T06:24:45+00:00,61.3,0
2026-09-19T06:25:46+00:00,a4df5eb0bf5f3d20827174928f1d8929,77b59e20fd8043c782073723d67bcbf3,2026-09-19T06:24:12+00:00,94.5,0
2026-09-19T06:25:46+00:00,2d3980aecc853ceaa99920e8e0b4d8b1,5b07ddbf158b4bc79c94eac3cf874b69,2026-09-19T06:23:57+00:00,109.3,0
2026-09-19T06:25:46+00:00,9496bb1933ccdfca9a706caece434752,2a099e6ae5d04bada004f42709fef23b,2026-09-19T06:23:45+00:00,120.6,0
2026-09-19T06:27:17+00:00,c3f7c6c1957dbf169fb2e7bc05c5fc02,2b6ad339e72d4b9592a03d04f8c399e1,2026-09-19T06:27:09+00:00,8.0,0
2026-09-19T06:27:17+00:00,e9c7530b4148259185d1ecb498248c95,cf742dc8d577c2f4fba612d58f2e4532,2026-09-19T06:27:07+00:00,9.6,0
2026-09-19T06:27:17+00:00,afaa4f22c4f2c2038d6e702d4ef8800b,e4b2ff1163fe1daf60314662dc98aba8,2026-09-19T06:26:33+00:00,44.4,0
2026-09-19T06:27:17+00:00,9d24390a26b1c085a337ce3ba9ffae26,80afdd3e5cbd4ff98583b64ae77c42e0,2026-09-19T06:26:20+00:00,57.1,0
2026-09-19T06:27:17+00:00,48e430529ceabf29a4fcaa018ec6548b,ebee2a3910c346e9b61c9a5a38c12615,2026-09-19T06:26:05+00:00,71.7,0
2026-09-19T06:27:17+00:00,0387fe97a40f35bfa252e1cba814b7ec,3da6115df0f543579e83d18b141b2cef,2026-09-19T06:25:45+00:00,92.2,0
2026-09-19T06:29:33+00:00,3c431e91cdf93c01ab16544b6fa9e32f,5af7d627b17b4b65b648ecfc866972ca,2026-09-19T06:28:48+00:00,44.8,0
2026-09-19T06:29:33+00:00,d0cd6450807fe3198982ad3dbcead762,bba3d4e0cdd8d856ef643206e5d59ccf,2026-09-19T06:28:48+00:00,45.6,0
2026-09-19T06:29:33+00:00,c1fcf3b1a49639b585934528cf83f100,7c685a7aebd54c5f9fa98985696647ca,2026-09-19T06:28:09+00:00,84.5,0
2026-09-19T06:29:33+00:00,fb597d702e4e14bcbef0254b8dadf4e4,a56a44065bea4fa29711c2862d820426,2026-09-19T06:28:08+00:00,84.9,0
2026-09-19T06:31:04+00:00,039ca032f39ce9f1bc0404d68e3552ea,a708ee0f9212ba5a706bee1214d4629a,2026-09-19T06:30:39+00:00,25.2,0
2026-09-19T06:31:04+00:00,6e5ef7149389bf3097171b1b90a6a343,fdec5ec6cad441bd8ee0d685710cfbfc,2026-09-19T06:30:13+00:00,51.2,0
2026-09-19T06:31:04+00:00,3396e95321cd3068812b1f560dbed783,c311a3f1db654c9597fb0b2ed4acfc23,2026-09-19T06:30:01+00:00,62.5,0
2026-09-19T06:31:04+00:00,8c86649c221a291b9eb84507fdcadd06,8de6b159b74e4171af10b90fb4c8d1a7,2026-09-19T06:30:00+00:00,64.3,0
2026-09-19T06:31:04+00:00,461d6506b5f2e288bac33e47819ed078,d71617411b7d44c88bab79f8cc4f99eb,2026-09-19T06:29:52+00:00,72.2,0
2026-09-19T06:31:04+00:00,5dd66c22cc99cd47befcd16e56df7ce9,3422b0326aab4352b7e9567482ef511a,2026-09-19T06:29:31+00:00,93.0,0
2026-09-19T06:31:04+00:00,a74f24ae09242bdbb0a47f2a892d100f,70fd64ac0be848c8a1ba782e39b22728,2026-09-19T06:29:24+00:00,99.6,0
2026-09-19T06:32:35+00:00,ec7f4beea5d5157f8e78365e0015e96b,327f9d607aa14f88b5d023bdbf7f00e7,2026-09-19T06:32:02+00:00,33.1,0
2026-09-19T06:32:35+00:00,0be1ce63c6bd3097ba9f8126c14e7445,d722e13a62d9e677ae9aa4459ae8e290,2026-09-19T06:31:37+00:00,57.6,0
2026-09-19T06:32:35+00:00,478fb62c2f458043808d0504dfa6dbb5,2fea658c5102492ba3db79e70818fc31,2026-09-19T06:31:21+00:00,73.5,0
2026-09-19T06:32:35+00:00,5fa2804257fa23c3a899cee2d146dce9,775e8085b39b74d927eaf049bd7318d8,2026-09-19T06:31:18+00:00,76.8,0
2026-09-19T06:37:07+00:00,0d701d6a2b091b8abd17a4f7e4006cc3,2d0c504d0aac4dd7b8a53017ac826ad8,2026-09-19T06:34:18+00:00,169.1,0
2026-09-19T06:37:07+00:00,c09c17375b2116cba968052abb90ff9b,3fa36930b4ed4e8294c06b8eac6efe7a,2026-09-19T06:33:21+00:00,226.1,0
2026-09-19T06:37:07+00:00,27de95738b70bdb49127cac9cdb94ded,54475d00ec6d8bb976baf2ecc36cc0b9,2026-09-19T06:33:06+00:00,240.9,0
2026-09-19T06:37:07+00:00,205053650cd1dd20bfa5dc557321e174,8e111a8a101c43b0b162a5b88c66e132,2026-09-19T06:32:43+00:00,264.2,0
2026-09-19T06:38:38+00:00,9890c361ef87e8bdae13fd575292a50a,53739c435d7c4f9380728fa58c7691ef,2026-09-19T06:37:11+00:00,87.1,0
2026-09-19T06:38:38+00:00,b149c11c22ba1fc39cdfbc628d9ff9b4,618113f649e542c8bc81dcfff28c79a0,2026-09-19T06:37:05+00:00,93.4,0
2026-09-19T06:38:38+00:00,341e4e58cd102c20a23f8250cb644d38,7150423b35844eee90f698fb59786e63,2026-09-19T06:36:40+00:00,118.1,0
2026-09-19T06:38:38+00:00,8b308815f4543303917f6c019ae308b4,f612dd68a91442d0aec50820c7ec37f1,2026-09-19T06:36:14+00:00,144.3,0
2026-09-19T06:38:38+00:00,506986351db32ca6852e92ef63162d58,f3f40a5558b84301b68dbb7c9cfd8d29,2026-09-19T06:35:57+00:00,161.5,0
2026-09-19T06:38:38+00:00,65a5c7613394bff9a69ae7c553d0237f,ec1f79488a461156a4bd4eb0fe963a77,2026-09-19T06:35:39+00:00,179.2,0
2026-09-19T06:38:38+00:00,097b7f04d261ea4ab674d9e2e1f8df0e,8de6b159b74e4171af10b90fb4c8d1a7,2026-09-19T06:35:13+00:00,204.9,0
2026-09-19T06:38:38+00:00,0ad8a12ea5e0dc9fa8f1ac74a39993ff,cac4f21e1ad1467fbcee7af10a302ee6,2026-09-19T06:35:00+00:00,218.6,0
2026-09-19T06:38:38+00:00,0ad5a63d90ec27ac82f35acb6b3508a2,1f1cf79ff1c87aa912359e5df4444459,2026-09-19T06:34:51+00:00,227.5,0
2026-09-19T06:38:38+00:00,7cd0f45e31273993bb6079793501592a,3da6115df0f543579e83d18b141b2cef,2026-09-19T06:34:33+00:00,245.6,0
2026-09-19T06:40:09+00:00,bd45e25d615d38c0bd2766b52a2175f0,a65c68aa62874f5e8bb21f53dc4dce7b,2026-09-19T06:40:01+00:00,8.4,0
2026-09-19T06:40:09+00:00,1d02f9ebb6b2121b8ccfd60cc43d98e5,9f7edd694cab476a9fc612cfdab9d0af,2026-09-19T06:39:47+00:00,22.0,0
2026-09-19T06:40:09+00:00,093b84f8f90036c9a11918949d34a4e5,234ace0939414b8c86b782b9000d6467,2026-09-19T06:39:43+00:00,26.5,0
2026-09-19T06:40:09+00:00,37219a4dd1c13c37adfdf376adc4cf26,4b625838bb154801a5521450ff00ca92,2026-09-19T06:39:28+00:00,41.3,0
2026-09-19T06:40:09+00:00,be43abde20a286209a610e36cb80510e,faea798d26524df6857520923990125d,2026-09-19T06:39:25+00:00,43.8,0
2026-09-19T06:40:09+00:00,7a3b0980885ee91c9d1f184bfb772823,df2c21b7979172faaeb687cd5d90dd14,2026-09-19T06:38:51+00:00,78.3,0
2026-09-19T06:43:11+00:00,12f5f9811183d8d4bcf10bb8812849c7,2a099e6ae5d04bada004f42709fef23b,2026-09-19T06:42:33+00:00,38.0,0
2026-09-19T06:43:11+00:00,f8668ad6c8088130b1063405080339fc,a56a44065bea4fa29711c2862d820426,2026-09-19T06:42:09+00:00,61.9,0
2026-09-19T06:43:11+00:00,529a951e8e57d27ca327de1456cb70f7,77b59e20fd8043c782073723d67bcbf3,2026-09-19T06:41:51+00:00,80.1,0
2026-09-19T06:43:11+00:00,e2797552ce5fdf10a98d41027a7ba9c4,7ee4d287468a41ebb199b866e14a4f81,2026-09-19T06:41:11+00:00,119.6,0
2026-09-19T06:43:11+00:00,809aa04e7e28ef22b75290c7afbbbfb1,ce151130eca8aeffecb701323be80acd,2026-09-19T06:41:10+00:00,120.4,0
2026-09-19T06:43:11+00:00,20e5da1426b6b568bf0adabfd282a3d0,cf742dc8d577c2f4fba612d58f2e4532,2026-09-19T06:41:01+00:00,129.6,0
2026-09-19T06:43:11+00:00,834db443c3c58422ab3ec035be67b5f1,0ef78275660667e6bcf6dfd2525d2ffd,2026-09-19T06:40:54+00:00,136.9,0
2026-09-19T06:43:11+00:00,dbeb4f25ee0eb908bf89e6c7f393469d,ebee2a3910c346e9b61c9a5a38c12615,2026-09-19T06:40:50+00:00,141.1,0
2026-09-19T06:43:11+00:00,78599913780ae22c84cd0d3d773ddaff,6038efe01ff980503519fdc60b41a253,2026-09-19T06:40:48+00:00,143.1,0
2026-09-19T06:43:11+00:00,6278be54806d8ecfa709db2a9b1b3bed,9e480bcfde9cf135dba5b02d7e75c2db,2026-09-19T06:40:24+00:00,167.3,0
2026-09-19T06:43:11+00:00,d5849302f7eb8da79fce3d84a4bb911d,94c03e9d653d463193d92b4f03b73a4c,2026-09-19T06:40:19+00:00,172.3,0
2026-09-19T06:43:11+00:00,a70cca3e37b6dc29b14af8f85c63db1c,3627c257fefc99ca572f6eddd750130e,2026-09-19T06:40:16+00:00,174.9,0
2026-09-19T06:46:12+00:00,2c9899d7691fee9484f78c2a1bbc1f15,fb2bda19831b4740adb1581db86c42d7,2026-09-19T06:44:49+00:00,83.3,0
2026-09-19T06:46:12+00:00,bb59286a522edc31a8592c7ebae75506,8e111a8a101c43b0b162a5b88c66e132,2026-09-19T06:43:37+00:00,155.6,0
2026-09-19T06:46:12+00:00,3da582526dd0cdfa843771d41e2567ff,0dc3d7d88eeb3c4c0be533874eb43519,2026-09-19T06:43:01+00:00,191.6,0
2026-09-19T06:46:12+00:00,324432f0d7a9ce7aab0207641df8f0ed,68f7491a5606480bb206d497b4f5f2a7,2026-09-19T06:42:54+00:00,197.8,0
2026-09-19T06:46:12+00:00,df7888318db0d054b34be201a418cd5b,2b6ad339e72d4b9592a03d04f8c399e1,2026-09-19T06:42:54+00:00,198.4,0
2026-09-19T06:47:43+00:00,3c2d284d1aca2a23b1224c4b4439b964,04775359cf1641a39893d3e9afc6e0a2,2026-09-19T06:47:34+00:00,9.2,0
2026-09-19T06:47:43+00:00,6fb0d9bf3670bcd8a3f2fbc2091ddca5,8f872bb788984b79b8781356b9f355b3,2026-09-19T06:47:24+00:00,19.1,0
2026-09-19T06:47:43+00:00,12f8276a5db88aca8953814f3e310b3d,ce151130eca8aeffecb701323be80acd,2026-09-19T06:47:19+00:00,24.3,0
2026-09-19T06:47:43+00:00,a3b1913ed8b7290e85bbe0b609d49c50,2d0c504d0aac4dd7b8a53017ac826ad8,2026-09-19T06:46:53+00:00,50.5,0
2026-09-19T06:47:43+00:00,a3e30beeabaed5f48f90ac572f5a1f23,d722e13a62d9e677ae9aa4459ae8e290,2026-09-19T06:46:26+00:00,77.5,0
2026-09-19T06:47:43+00:00,b719e15c0a858ef698816ce04a0cd4e7,8de6b159b74e4171af10b90fb4c8d1a7,2026-09-19T06:45:49+00:00,113.8,0
2026-09-19T06:47:43+00:00,04c0244df7c1cd22a6d0e48a4aaadc5a,29450d8419f3cd85adf40a9735139e75,2026-09-19T06:45:13+00:00,150.5,0
2026-09-19T06:47:43+00:00,312cc615a77834e4a142d2603568827c,3fcec737348b01701f79cb6953553f63,2026-09-19T06:44:57+00:00,166.0,0
2026-09-19T06:49:14+00:00,a73e4ca94fb1c91b905cd2d1b5cd2d42,72c7dc756e9242ba9153beabd07b1ad1,2026-09-19T06:48:46+00:00,28.1,0
2026-09-19T06:49:14+00:00,f7ed9478216b3e08b25c1d013d9d0241,a708ee0f9212ba5a706bee1214d4629a,2026-09-19T06:48:38+00:00,36.6,0
2026-09-19T06:49:14+00:00,108799ae56c8efbdbb5b25fc0ab2bc2b,9f7edd694cab476a9fc612cfdab9d0af,2026-09-19T06:48:08+00:00,66.3,0
2026-09-19T06:49:14+00:00,5de2e5662de2d5eb9a0a0f0d42bb5a8b,c056cd4711e34cc3bc0190031a8eb1b8,2026-09-19T06:48:08+00:00,66.4,0
2026-09-19T06:49:14+00:00,d9b8eb7b1464c43d8d07c4a64ca30485,3fa36930b4ed4e8294c06b8eac6efe7a,2026-09-19T06:47:57+00:00,77.6,0
2026-09-19T06:49:14+00:00,8b7e2d40611ee128879417a9b864b572,659a20206e7639d0d43f2cc6f3aab636,2026-09-19T06:47:55+00:00,79.0,0
2026-09-19T06:49:14+00:00,46bba6496aec83caab249eb2a7d6159c,1f1cf79ff1c87aa912359e5df4444459,2026-09-19T06:47:54+00:00,80.2,0
2026-09-19T06:49:14+00:00,c4bcbdb4ffd02254a8a7ecd19e0039bc,6ab529b6beeb4dadada9dce14310b5c4,2026-09-19T06:47:48+00:00,86.6,0
2026-09-19T06:50:45+00:00,a1215fec3fb3cf9692642f33a5dd44c6,5b07ddbf158b4bc79c94eac3cf874b69,2026-09-19T06:49:55+00:00,49.9,0
2026-09-19T06:50:45+00:00,f4e0e1a388d5c22fb924eb63f546cf10,0ef78275660667e6bcf6dfd2525d2ffd,2026-09-19T06:49:33+00:00,72.0,0
2026-09-19T06:52:17+00:00,c8a9411d95a336768019df120f7d4e2d,3da6115df0f543579e83d18b141b2cef,2026-09-19T06:52:07+00:00,9.3,0
2026-09-19T06:52:17+00:00,4753e92d6e0139b59ae9308ee918a59d,234ace0939414b8c86b782b9000d6467,2026-09-19T06:51:56+00:00,20.6,0
2026-09-19T06:52:17+00:00,bc6f256de10bc741a3e5e358f1d673fb,0dbd55000a6e4a93a0a58b7a552a18b2,2026-09-19T06:51:07+00:00,69.3,0
2026-09-19T06:54:33+00:00,c9caef9411388a7297424fb5b4a0b00c,a56a44065bea4fa29711c2862d820426,2026-09-19T06:53:58+00:00,34.5,0
2026-09-19T06:54:33+00:00,94462e035cd31f9d8e7ae741b61d5e99,2eecd1d5ae8c467bb195823ad192f4b3,2026-09-19T06:53:23+00:00,69.4,0
2026-09-19T06:54:33+00:00,91d5314e48583a16ae7222f75020cdf1,2b6b6c95ac5bff9513ae3bd567f85894,2026-09-19T06:53:06+00:00,86.7,0
2026-09-19T06:54:33+00:00,269683b1b6e0d69da8584b52c72f1637,775e8085b39b74d927eaf049bd7318d8,2026-09-19T06:52:47+00:00,105.7,0
2026-09-19T06:56:49+00:00,86f35917b304898394132b8f871e59bb,a4845998f9534cfb9ba1cbc1a7a0cbab,2026-09-19T06:56:06+00:00,43.4,0
2026-09-19T06:56:49+00:00,be96caf8881f8a18b50d373c7688d79e,659a20206e7639d0d43f2cc6f3aab636,2026-09-19T06:55:22+00:00,86.9,0
2026-09-19T06:56:49+00:00,6620b1afef81cf419add7c88ca18fcf1,3d9fe88a398f48b38382062fc47b26a2,2026-09-19T06:55:19+00:00,90.4,0
2026-09-19T06:56:49+00:00,650f9f95330ce466b82ac070cf6f6e20,0ef78275660667e6bcf6dfd2525d2ffd,2026-09-19T06:55:07+00:00,102.3,0
2026-09-19T06:56:49+00:00,729d4b1053788fb7880e4c4b82ac6fb5,ebee2a3910c346e9b61c9a5a38c12615,2026-09-19T06:54:49+00:00,119.7,0
2026-09-19T06:56:49+00:00,17052f0cb63fc5a7b354f23357ecb383,ec1f79488a461156a4bd4eb0fe963a77,2026-09-19T06:54:29+00:00,139.8,0
2026-09-19T06:56:49+00:00,7d44c042895eb64291ae5fe94c67738f,d62188a9df5b590632fe2d5ff27e2cde,2026-09-19T06:54:09+00:00,159.8,0
2026-09-19T06:59:51+00:00,77e6adeaee3e305c8a7548c1d9e2ea07,b87f836070f112c7797db315e081128d,2026-09-19T06:59:34+00:00,16.3,0
2026-09-19T06:59:51+00:00,3c29278c99ccd6dcae86ecee08f11a8c,aa6d2a20420348f2a68af2a100962800,2026-09-19T06:59:27+00:00,23.8,0
2026-09-19T06:59:51+00:00,269c827f9962e0c5b0e6d099e3e1f197,f3f40a5558b84301b68dbb7c9cfd8d29,2026-09-19T06:59:24+00:00,26.6,0
2026-09-19T06:59:51+00:00,d18c3704f7dfc9638daf5f910be6382d,618113f649e542c8bc81dcfff28c79a0,2026-09-19T06:58:50+00:00,60.2,0
2026-09-19T06:59:51+00:00,dc7e6784bb5def138bf8fbab101015df,3fa36930b4ed4e8294c06b8eac6efe7a,2026-09-19T06:58:44+00:00,66.3,0
2026-09-19T06:59:51+00:00,65394cfff0f88b5f9d6d45ff64484f1f,a9152ffe2a054ebfa817a7f9a441544b,2026-09-19T06:58:17+00:00,93.1,0
2026-09-19T06:59:51+00:00,94ac0582a7f4c2db9b0e642f73b5b26f,c4f2681a6cd94d56a78e3403a51e239b,2026-09-19T06:58:10+00:00,100.2,0
2026-09-19T06:59:51+00:00,1307f9b882c9c6b998f44e6d8ac28a4f,76f7bc88fbfc435ca1fadf7c53efff8c,2026-09-19T06:57:33+00:00,137.3,0
2026-09-19T06:59:51+00:00,87856b9e4e19efd4b13b44271b5ca975,be356ebb2ac14971ba2895efbca8477e,2026-09-19T06:57:29+00:00,141.6,0
2026-09-19T06:59:51+00:00,304fd6c2adb51b7493ea0d210ee693eb,9d0c5f2b81f1c0fb54618a4c1d73bd25,2026-09-19T06:57:22+00:00,148.8,0
2026-09-19T06:59:51+00:00,7321d8cdeca5cb618a26ad009d5a80ba,fb2b1376ee950b8de90a482b991f1ffb,2026-09-19T06:57:12+00:00,158.3,0
2026-09-19T06:59:51+00:00,78a2943a7576329fb7956c9e3cec6b55,5af7d627b17b4b65b648ecfc866972ca,2026-09-19T06:57:12+00:00,158.4,0
2026-09-19T06:59:51+00:00,2711edfc743de1c7b1b9ccb6f2a85ac2,54475d00ec6d8bb976baf2ecc36cc0b9,2026-09-19T06:56:23+00:00,207.2,0
2026-09-19T07:01:22+00:00,1899de93342cca7bacd857e4a5568699,94c03e9d653d463193d92b4f03b73a4c,2026-09-19T07:00:37+00:00,44.8,0
2026-09-19T07:01:22+00:00,4b2f513d9efa85ceaed7df9c7705eb2b,fdec5ec6cad441bd8ee0d685710cfbfc,2026-09-19T07:00:27+00:00,55.0,0
2026-09-19T07:05:54+00:00,5fe2e69d27558b499c4b7e2159ebf341,8de6b159b74e4171af10b90fb4c8d1a7,2026-09-19T07:05:50+00:00,3.7,0
2026-09-19T07:05:54+00:00,25f11099a217358f9f27dae0bb2686a4,72c7dc756e9242ba9153beabd07b1ad1,2026-09-19T07:04:53+00:00,60.7,0
2026-09-19T07:05:54+00:00,e8e83efa989289afa388eaed38711989,3da6115df0f543579e83d18b141b2cef,2026-09-19T07:03:42+00:00,131.4,0
2026-09-19T07:05:54+00:00,ffdbf5822ca4e5379105ae10a33091c8,606731d004f0335033e8c8951f5acbe9,2026-09-19T07:03:38+00:00,135.7,0
2026-09-19T07:05:54+00:00,a39a7fc510103ebd8f16b7a3c54f913a,2fea658c5102492ba3db79e70818fc31,2026-09-19T07:03:31+00:00,143.0,0
2026-09-19T07:05:54+00:00,e87f554d120ec3d3ba06baa4d8a1030c,ce151130eca8aeffecb701323be80acd,2026-09-19T07:02:50+00:00,183.8,0
2026-09-19T07:05:54+00:00,d008f5c1e257cadcb8c09b9ceaa19d7f,37c7689cb81f4bd7aca638086677a250,2026-09-19T07:02:47+00:00,186.7,0
2026-09-19T07:05:54+00:00,bfe0523b68f6c867b14cd845d598af77,f61461355efb58863eafc03d836c0e68,2026-09-19T07:01:59+00:00,235.2,0
2026-09-19T07:07:25+00:00,24b6bd5938dccb01a4d77e7bc5e7c00f,ae3479249f313a2638563ecf5247ce3a,2026-09-19T07:06:59+00:00,25.7,0
2026-09-19T07:07:25+00:00,2fdf56fa9fd9d52bbb8a32a46bcb2930,3fcec737348b01701f79cb6953553f63,2026-09-19T07:06:58+00:00,26.8,0
2026-09-19T07:07:25+00:00,ddaaffad0f17ee69aeeab55a89850d82,5b07ddbf158b4bc79c94eac3cf874b69,2026-09-19T07:06:51+00:00,33.5,0
2026-09-19T07:07:25+00:00,84cd4025b3192176adf14f87f771108b,23b5b82fb682206da8063a5121a103d9,2026-09-19T07:06:45+00:00,39.9,0
2026-09-19T07:07:25+00:00,ad7b3adef9343c68b6884d2061dceba0,fb2b1376ee950b8de90a482b991f1ffb,2026-09-19T07:06:44+00:00,40.5,0
2026-09-19T07:07:25+00:00,90dafd177e99d647b60ca49b47847c4b,0e49447d2ce640cd8f5da1790aa37853,2026-09-19T07:06:00+00:00,85.1,0
2026-09-19T07:08:56+00:00,1d3eda04aad5dab78ee270c2c5f4e24a,9e480bcfde9cf135dba5b02d7e75c2db,2026-09-19T07:08:51+00:00,4.8,0
2026-09-19T07:08:56+00:00,bc3355263ec7d8fe9295a1d266133248,234ace0939414b8c86b782b9000d6467,2026-09-19T07:08:31+00:00,24.3,0
2026-09-19T07:08:56+00:00,f0cd821cdb6aeefe92cf65082a2d8190,9f7edd694cab476a9fc612cfdab9d0af,2026-09-19T07:08:03+00:00,52.4,0
2026-09-19T07:08:56+00:00,8128b37f724d302886ce03453377be9a,3d9fe88a398f48b38382062fc47b26a2,2026-09-19T07:07:45+00:00,70.6,0
2026-09-19T07:08:56+00:00,e837dd0e474b1576a3d542bb6c901673,cf742dc8d577c2f4fba612d58f2e4532,2026-09-19T07:07:25+00:00,90.3,0
2026-09-19T07:12:42+00:00,07d7afa29f8be234b032014c1ee42a3b,fb2bda19831b4740adb1581db86c42d7,2026-09-19T07:11:35+00:00,67.2,0
2026-09-19T07:12:42+00:00,ee98368539803755b5a55bd911374b86,2b6b6c95ac5bff9513ae3bd567f85894,2026-09-19T07:11:23+00:00,79.7,0
2026-09-19T07:12:42+00:00,2374f690fe978311b6b0db3a26be06a2,a708ee0f9212ba5a706bee1214d4629a,2026-09-19T07:11:14+00:00,88.6,0
2026-09-19T07:12:42+00:00,c11cde96a8e8e15cb3e12a31610926cd,8f872bb788984b79b8781356b9f355b3,2026-09-19T07:10:24+00:00,138.3,0
2026-09-19T07:12:42+00:00,4857949dd2b5b7c4a1aa24adb65031b3,d62188a9df5b590632fe2d5ff27e2cde,2026-09-19T07:09:44+00:00,178.4,0
2026-09-19T07:12:42+00:00,cc2abbc884722436bcbb94145db63c9b,70fd64ac0be848c8a1ba782e39b22728,2026-09-19T07:09:33+00:00,189.5,0
2026-09-19T07:12:42+00:00,0f6f373bc7553a9193b6a5941ceb17ad,2a099e6ae5d04bada004f42709fef23b,2026-09-19T07:09:32+00:00,190.6,0
2026-09-19T07:12:42+00:00,16923ee426e7136a9862e1d2b19f2d11,ce151130eca8aeffecb701323be80acd,2026-09-19T07:09:26+00:00,196.8,0
2026-09-19T07:12:42+00:00,27ee73092772dac1b8e3607caa161430,0ef78275660667e6bcf6dfd2525d2ffd,2026-09-19T07:09:21+00:00,201.2,0
2026-09-19T07:12:42+00:00,83cbd62d49c4b0b5a4cb2333fa6dd63c,2f88cc3f714842e287ec184c1bdc02bd,2026-09-19T07:09:11+00:00,211.6,0
2026-09-19T07:14:13+00:00,bc745e0f9b2cd35483eb3b0b3c6546e5,9e480bcfde9cf135dba5b02d7e75c2db,2026-09-19T07:13:52+00:00,21.1,0
2026-09-19T07:14:13+00:00,05d5abc30d3ac55c95290d8bb5742966,606731d004f0335033e8c8951f5acbe9,2026-09-19T07:13:19+00:00,54.1,0
2026-09-19T07:14:13+00:00,c9613c7cb5b4e1e99c8a7223f3c7ca40,2d0c504d0aac4dd7b8a53017ac826ad8,2026-09-19T07:12:58+00:00,75.5,0
2026-09-19T07:14:13+00:00,8a8e54211ba8259aa99c8d70c24b3db7,3627c257fefc99ca572f6eddd750130e,2026-09-19T07:12:58+00:00,75.6,0
2026-09-19T07:14:13+00:00,cc26ada8744cbc698ab08087d572c1ab,3fa36930b4ed4e8294c06b8eac6efe7a,2026-09-19T07:12:53+00:00,80.6,0
2026-09-19T07:14:13+00:00,b26719f194d12366a7f12f35294d65c4,b00468628f3a4ccf9fb8d8e7871b3097,2026-09-19T07:12:50+00:00,83.4,0
2026-09-19T07:14:13+00:00,dbb27236b669366e8d5b6fb0622b7774,c96f3faa69c74660afc42f3791598b36,2026-09-19T07:12:28+00:00,105.2,0
2026-09-19T07:14:13+00:00,a6be8f217394ef2a9fb61b992de896f6,327f9d607aa14f88b5d023bdbf7f00e7,2026-09-19T07:12:22+00:00,111.6,0
2026-09-19T07:14:13+00:00,6ba38c67cb1f2b33a5bac56e50257971,0dc3d7d88eeb3c4c0be533874eb43519,2026-09-19T07:12:20+00:00,113.5,0
2026-09-19T07:14:13+00:00,c7dd1188752abccebb715f613cb0e24f,659a20206e7639d0d43f2cc6f3aab636,2026-09-19T07:12:17+00:00,116.7,0
2026-09-19T07:16:30+00:00,55fbcaf7c4fbb91c87ee78cb5cd5dba4,a65c68aa62874f5e8bb21f53dc4dce7b,2026-09-19T07:16:18+00:00,12.0,0
2026-09-19T07:16:30+00:00,37d6fbe57adf35888c4e7fadb69bfbd8,cf742dc8d577c2f4fba612d58f2e4532,2026-09-19T07:16:10+00:00,19.8,0
2026-09-19T07:16:30+00:00,e6e5441c8a622b3ab27047c83cb3eba5,76f7bc88fbfc435ca1fadf7c53efff8c,2026-09-19T07:15:46+00:00,44.0,0
2026-09-19T07:18:46+00:00,93c705feb59fe11891047e4dd392f2d6,8de6b159b74e4171af10b90fb4c8d1a7,2026-09-19T07:18:38+00:00,8.1,0
2026-09-19T07:18:46+00:00,eb4fe9533a4f16f4bfc903e8a5cd0cdc,d71617411b7d44c88bab79f8cc4f99eb,2026-09-19T07:18:23+00:00,23.2,0
2026-09-19T07:18:46+00:00,81a7d21ff7a9182db00a6ea251ffb31d,77b59e20fd8043c782073723d67bcbf3,2026-09-19T07:18:10+00:00,36.2,0
2026-09-19T07:18:46+00:00,576391002d6d34209c0881ef76ef484e,23b5b82fb682206da8063a5121a103d9,2026-09-19T07:17:41+00:00,64.5,0
2026-09-19T07:18:46+00:00,accdfa2746eae49e9f9327ae79402b35,54475d00ec6d8bb976baf2ecc36cc0b9,2026-09-19T07:17:13+00:00,92.6,0
2026-09-19T07:18:46+00:00,83d6d0394fd039f6b6adb7b419e878bb,234ace0939414b8c86b782b9000d6467,2026-09-19T07:16:52+00:00,113.9,0
2026-09-19T07:18:46+00:00,e61233974ebf32f4bf825408c5a3a92a,0e49447d2ce640cd8f5da1790aa37853,2026-09-19T07:16:44+00:00,121.6,0
2026-09-19T07:18:46+00:00,e59e1227ab56bef1b25b7ae7a056f7f7,9d0c5f2b81f1c0fb54618a4c1d73bd25,2026-09-19T07:16:43+00:00,122.6,0
2026-09-19T07:21:47+00:00,e987cd681167ee85ab0aeca1db015d89,b87f836070f112c7797db315e081128d,2026-09-19T07:20:10+00:00,97.6,0
2026-09-19T07:21:47+00:00,500a24eeaaf38d3588eeb4a43714a668,2f88cc3f714842e287ec184c1bdc02bd,2026-09-19T07:19:50+00:00,116.9,0
2026-09-19T07:21:47+00:00,419d8a602337c9ef9fe90dd951cb21f2,a56a44065bea4fa29711c2862d820426,2026-09-19T07:19:10+00:00,157.4,0
2026-09-19T07:21:47+00:00,1116f980320ecb8ba69afa1ef7e9ce2b,68f7491a5606480bb206d497b4f5f2a7,2026-09-19T07:19:09+00:00,158.6,0
2026-09-19T07:23:18+00:00,2781f9e6431619329dde0b97db6a8d8f,2eecd1d5ae8c467bb195823ad192f4b3,2026-09-19T07:23:17+00:00,1.4,0
2026-09-19T07:23:18+00:00,11c0acba6d5cc059b3d6defa56773a79,7ee4d287468a41ebb199b866e14a4f81,2026-09-19T07:23:17+00:00,1.6,0
2026-09-19T07:23:18+00:00,8cc644ef6137ca42b49b24b83affe073,cf742dc8d577c2f4fba612d58f2e4532,2026-09-19T07:22:50+00:00,28.3,0
2026-09-19T07:23:18+00:00,69a045fbef0e88e1a9251d64b9353cce,37c7689cb81f4bd7aca638086677a250,2026-09-19T07:22:29+00:00,49.0,0
2026-09-19T07:23:18+00:00,44666139116cbe1690b9fc67485eac4e,ec1f79488a461156a4bd4eb0fe963a77,2026-09-19T07:21:57+00:00,81.1,0
2026-09-19T07:23:18+00:00,9cb47593918b3bbd87411a4c58e561b4,27578ea2bd4f4d5ab69d824f1a67f787,2026-09-19T07:21:52+00:00,86.2,0
2026-09-19T07:23:18+00:00,76e4823987efccf19bdd3b33d74d44e6,ebee2a3910c346e9b61c9a5a38c12615,2026-09-19T07:21:47+00:00,91.5,0
2026-09-19T07:23:18+00:00,4a1ad7dff78be95085f402bbeecb93d4,775e8085b39b74d927eaf049bd7318d8,2026-09-19T07:21:32+00:00,106.4,0
2026-09-19T07:24:49+00:00,b7295a7c52f5cc7fbaa00b6340eb1660,c056cd4711e34cc3bc0190031a8eb1b8,2026-09-19T07:23:29+00:00,80.5,0
2026-09-19T07:26:20+00:00,45f3b4923a1ecc2194af6abdd9f5a385,5ba5d3110d2a43908e1f49004eb12062,2026-09-19T07:25:47+00:00,33.0,0
2026-09-19T07:26:20+00:00,e79cfb5309a936aba85aa1f5aa58c758,aa6d2a20420348f2a68af2a100962800,2026-09-19T07:25:34+00:00,45.9,0
2026-09-19T07:26:20+00:00,1810ffc4de8e1b8aa2fea7f81d844299,3627c257fefc99ca572f6eddd750130e,2026-09-19T07:25:26+00:00,53.8,0
2026-09-19T07:26:20+00:00,c3d001a5d9572764b8227809ff25bb31,ed0070f99097a68ddec3c8c42d49c706,2026-09-19T07:25:20+00:00,60.0,0
2026-09-19T07:27:51+00:00,38694127bdb01fd5b085a2779782daf0,8849cf0d88a8ec92cbfe39a8609483e5,2026-09-19T07:27:36+00:00,14.5,0
2026-09-19T07:27:51+00:00,d339545d8061d1f39a4b87aca623cff8,ce1030893e204d85b98c15d2444005b1,2026-09-19T07:27:24+00:00,27.1,0
2026-09-19T07:27:51+00:00,11310efca3eaea2aa27da42187ff8f85,07d2b2b1e6da425ba0e873a242ec1b76,2026-09-19T07:26:59+00:00,51.6,0
2026-09-19T07:27:51+00:00,a2ff5659719322378d9206da9f744ce5,23b5b82fb682206da8063a5121a103d9,2026-09-19T07:26:24+00:00,87.3,0
2026-09-19T07:30:52+00:00,30ce7f02622580e4a151f8d3241b9a8f,ce151130eca8aeffecb701323be80acd,2026-09-19T07:29:27+00:00,85.2,0
2026-09-19T07:30:52+00:00,f78dd3b9ac2e8453985427364de373ec,f61461355efb58863eafc03d836c0e68,2026-09-19T07:29:07+00:00,105.3,0
2026-09-19T07:30:52+00:00,4714fb53282fe643b7e3efc9744f3315,0e49447d2ce640cd8f5da1790aa37853,2026-09-19T07:28:47+00:00,125.6,0
2026-09-19T07:30:52+00:00,750a658e66a1cd99903730032f68cdb6,2fea658c5102492ba3db79e70818fc31,2026-09-19T07:28:43+00:00,129.5,0
2026-09-19T07:30:52+00:00,d85dce2d89448508864f496c85bbbf8e,606731d004f0335033e8c8951f5acbe9,2026-09-19T07:28:26+00:00,146.4,0
2026-09-19T07:30:52+00:00,d4986635c5fe3a2a8d33113f4f73aba4,334005fe8b6e4073bf0170f3b8b2359d,2026-09-19T07:28:13+00:00,159.8,0
2026-09-19T07:33:09+00:00,ed63b4fe34f72b23838f4e485b40c15e,778b49a289834f4e939badecabf6c88b,2026-09-19T07:33:07+00:00,1.5,0
2026-09-19T07:33:09+00:00,d94b768aa353e6958bf213241ba7f488,d71617411b7d44c88bab79f8cc4f99eb,2026-09-19T07:32:59+00:00,9.7,0
2026-09-19T07:33:09+00:00,2e5ea66244ceb30f84b4a50802a9b7fe,8f872bb788984b79b8781356b9f355b3,2026-09-19T07:32:52+00:00,16.3,0
2026-09-19T07:33:09+00:00,e9ff9c1198dd19ae81894cc8e5a16f8e,faea798d26524df6857520923990125d,2026-09-19T07:32:30+00:00,39.0,0
2026-09-19T07:33:09+00:00,f38d57a9ecfc3b1bbcf8265ba49f2920,fb2bda19831b4740adb1581db86c42d7,2026-09-19T07:31:38+00:00,90.6,0
2026-09-19T07:33:09+00:00,fac453ce8cc02b5892043793a2a9b664,36a37303866a403c9c7022ae425ca484,2026-09-19T07:31:06+00:00,122.5,0
2026-09-19T07:33:09+00:00,1e328cb929cdefe2b68826e3dfb7c506,6038efe01ff980503519fdc60b41a253,2026-09-19T07:30:59+00:00,130.0,0
2026-09-19T07:33:09+00:00,2fa81decec36d3efa3125cc58577e02e,54475d00ec6d8bb976baf2ecc36cc0b9,2026-09-19T07:30:57+00:00,131.6,0
2026-09-19T07:33:09+00:00,702f0ca16b9a1bfe85af4d54c162d91b,ec1f79488a461156a4bd4eb0fe963a77,2026-09-19T07:30:27+00:00,161.5,0
2026-09-19T07:33:09+00:00,8723257a46dd2e03b3ab9ccc6caf5706,618113f649e542c8bc81dcfff28c79a0,2026-09-19T07:30:24+00:00,164.4,0
2026-09-19T07:35:25+00:00,b49c78a4bba32501a460fab766def90f,c4f2681a6cd94d56a78e3403a51e239b,2026-09-19T07:35:23+00:00,1.4,0
2026-09-19T07:35:25+00:00,b50860cedb32c24883e8c63d9df89a4d,bba3d4e0cdd8d856ef643206e5d59ccf,2026-09-19T07:35:19+00:00,5.9,0
2026-09-19T07:35:25+00:00,6f9ca26ea09fc77e97a61ed611f9c4a7,48cc6dc7716343cdaf8a141e0d9e1270,2026-09-19T07:34:41+00:00,43.3,0
2026-09-19T07:35:25+00:00,b0f19e49337d1d2bae0a181648bc8e45,70fd64ac0be848c8a1ba782e39b22728,2026-09-19T07:34:25+00:00,59.6,0
2026-09-19T07:35:25+00:00,ebd55ecaf1c2c88086a535fd06407e5a,9f7edd694cab476a9fc612cfdab9d0af,2026-09-19T07:34:24+00:00,61.3,0
2026-09-19T07:35:25+00:00,587b2255141be5d3884fd90408e03b2a,f5c0469c8d0cea7ab14e9e9973539759,2026-09-19T07:34:19+00:00,66.2,0
2026-09-19T07:35:25+00:00,616d283ae92733ce91d28a499731ae23,234ace0939414b8c86b782b9000d6467,2026-09-19T07:33:51+00:00,93.8,0
2026-09-19T07:35:25+00:00,7bec8a67b6c6e061a6275651c2344d05,d722e13a62d9e677ae9aa4459ae8e290,2026-09-19T07:33:48+00:00,97.0,0
2026-09-19T07:36:56+00:00,7306d110273d19bd9ae7775ddcc37294,a9152ffe2a054ebfa817a7f9a441544b,2026-09-19T07:36:46+00:00,10.0,0
2026-09-19T07:36:56+00:00,ba9ce7071dc68b98bc6746f727e9ba60,68f7491a5606480bb206d497b4f5f2a7,2026-09-19T07:36:34+00:00,21.9,0
2026-09-19T07:36:56+00:00,1c89db87b03e304291a3da47fe4d2c3a,3f9578affba840d3bfe367b788fcb0d4,2026-09-19T07:35:46+00:00,70.1,0
2026-09-19T07:38:27+00:00,ade142d91393dd8486ef8c2da5eeb715,541b58720a6f2c7f331f3e4839d539a3,2026-09-19T07:38:09+00:00,17.4,0
2026-09-19T07:38:27+00:00,7d26ba007fb027fdbe269dfa4b50da7c,2f88cc3f714842e287ec184c1bdc02bd,2026-09-19T07:37:39+00:00,48.0,0
2026-09-19T07:38:27+00:00,babb4d6c6e37d414a04cb460e9187994,3fa36930b4ed4e8294c06b8eac6efe7a,2026-09-19T07:37:12+00:00,75.1,0
2026-09-19T07:38:27+00:00,ac96cb9890b7df1c8c8e42ba464b03ea,2d0c504d0aac4dd7b8a53017ac826ad8,2026-09-19T07:37:01+00:00,85.8,0
2026-09-19T07:38:27+00:00,26a541ec5a682457ae71d32cb86d4382,5cca7a19d2b754e094e00e2f3b71c1f2,2026-09-19T07:37:00+00:00,86.9,0
2026-09-19T07:41:29+00:00,702412d8b4f5b2b89887c4b12159eadf,c96f3faa69c74660afc42f3791598b36,2026-09-19T07:39:59+00:00,89.9,0
2026-09-19T07:41:29+00:00,12d142c5d36a183a99a5d3ec53fd3028,54475d00ec6d8bb976baf2ecc36cc0b9,2026-09-19T07:39:10+00:00,138.0,0
2026-09-19T07:42:59+00:00,afe5c514e06735eb9735a779d213c9ed,2a099e6ae5d04bada004f42709fef23b,2026-09-19T07:42:56+00:00,3.4,0
2026-09-19T07:42:59+00:00,b4f754d0834b8176bbc1c15ce5cb240c,b87f836070f112c7797db315e081128d,2026-09-19T07:42:52+00:00,7.3,0
2026-09-19T07:42:59+00:00,b40f3db7144b3feaa32aec6091829cc1,b00468628f3a4ccf9fb8d8e7871b3097,2026-09-19T07:42:49+00:00,10.8,0
2026-09-19T07:42:59+00:00,b7ad389c299528fd823d19379c62ef33,3fcec737348b01701f79cb6953553f63,2026-09-19T07:42:11+00:00,48.0,0
2026-09-19T07:42:59+00:00,c59a3726ff07eec58fa61b6cfe0162a5,72c7dc756e9242ba9153beabd07b1ad1,2026-09-19T07:42:01+00:00,59.0,0
2026-09-19T07:42:59+00:00,0b8f3b2e9949eefabcce18158b12f113,a708ee0f9212ba5a706bee1214d4629a,2026-09-19T07:41:16+00:00,103.9,0
2026-09-19T07:42:59+00:00,20cfce32ef7f3ddca3799d642475f1ea,37c7689cb81f4bd7aca638086677a250,2026-09-19T07:40:55+00:00,124.5,0
2026-09-19T07:44:31+00:00,6ba58eeddd452b059d46ed7a74719dc8,618113f649e542c8bc81dcfff28c79a0,2026-09-19T07:44:25+00:00,5.1,0
2026-09-19T07:44:31+00:00,a2a3b9413d6c3f989264251d301b73f0,7150423b35844eee90f698fb59786e63,2026-09-19T07:44:07+00:00,23.8,0
2026-09-19T07:44:31+00:00,aebd83dd18ceb598a9adecd410f3a645,76f7bc88fbfc435ca1fadf7c53efff8c,2026-09-19T07:43:21+00:00,69.4,0
2026-09-19T07:44:31+00:00,513d8d056354d974a37590a549adaf8c,53739c435d7c4f9380728fa58c7691ef,2026-09-19T07:43:08+00:00,82.1,0
2026-09-19T07:44:31+00:00,1dd5e11dabcd347a82e38d95a6af90c7,50a00552f5c88633fe3d284833ade5f8,2026-09-19T07:43:01+00:00,89.9,0
2026-09-19T07:46:47+00:00,d7c7189f5293b5dca0a75f67c6b62d3e,d38232b9edf544df8155ff1557082655,2026-09-19T07:45:29+00:00,78.6,0
2026-09-19T07:46:47+00:00,40f98149a1b2d0c091360f9da2053866,ec1f79488a461156a4bd4eb0fe963a77,2026-09-19T07:45:00+00:00,106.9,0
2026-09-19T07:49:49+00:00,e01978a039baebf78b391b56d6b32f34,c810d234a5214b47a35be3d607727ac8,2026-09-19T07:49:12+00:00,36.8,0
2026-09-19T07:49:49+00:00,1462ba93fba2d452a259589f9ca8ba7f,659a20206e7639d0d43f2cc6f3aab636,2026-09-19T07:49:11+00:00,37.4,0
2026-09-19T07:49:49+00:00,dbdefc07e156b4318443d80914bb8efc,2fea658c5102492ba3db79e70818fc31,2026-09-19T07:48:32+00:00,76.8,0
2026-09-19T07:49:49+00:00,7be29bd546b881a991edd52aecfb1e3e,fdec5ec6cad441bd8ee0d685710cfbfc,2026-09-19T07:48:24+00:00,85.1,0
2026-09-19T07:49:49+00:00,a9ef915d3a7121f69668ffd6a45ce84b,0e49447d2ce640cd8f5da1790aa37853,2026-09-19T07:48:03+00:00,105.6,0
2026-09-19T07:49:49+00:00,b5048dbbbcb8866291e963a3a121c838,0dbd55000a6e4a93a0a58b7a552a18b2,2026-09-19T07:47:48+00:00,120.6,0
2026-09-19T07:49:49+00:00,eb26d94257ceeaa8bc102cfecde37bac,9e480bcfde9cf135dba5b02d7e75c2db,2026-09-19T07:47:24+00:00,144.3,0
2026-09-19T07:49:49+00:00,90a98601116f36129af9b1777004eef8,ce151130eca8aeffecb701323be80acd,2026-09-19T07:46:31+00:00,197.5,0
2026-09-19T07:49:49+00:00,72a890e3815eb194a98192405f989e1e,f612dd68a91442d0aec50820c7ec37f1,2026-09-19T07:46:28+00:00,200.4,0
